ID,Source,Title,ObjectName,Medium,Period,Classification,ImageURL
CHI_631,Art Institute of Chicago,Inlay Depicting the Face of a King,Decorative Arts,Glass,Ptolemaic Period (332–30 BCE),Unclassified,"https://www.artic.edu/iiif/2/5bf620dd-1e2d-0ac2-b91f-7478cfad41f2/full/600,/0/default.jpg"
CHI_635,Art Institute of Chicago,Amulet of the Goddess Nephthys,Costume and Accessories,Stone,"Third Intermediate Period, Dynasty 21–25 (1070–656 BCE)",Jewellery,"https://www.artic.edu/iiif/2/6863505a-5e11-7f23-e0c3-512a7f9744ed/full/600,/0/default.jpg"
CHI_596,Art Institute of Chicago,Amulet of the Goddess Isis Nursing the God Horus,Costume and Accessories,Hematite,"Third Intermediate Period, Dynasty 25 (about 747–656 BCE)",Jewellery,"https://www.artic.edu/iiif/2/11d352ec-dc80-ab36-bac3-6aa690a34017/full/600,/0/default.jpg"
CHI_632,Art Institute of Chicago,Scarab Amulet,Costume and Accessories,Hematite,"Late Period, Dynasty 26 (664-525 BCE)",Jewellery,"https://www.artic.edu/iiif/2/598f3e0c-331d-96c5-f2e9-202f924a05f6/full/600,/0/default.jpg"
CHI_633,Art Institute of Chicago,Amulet of a Reclining Cow,Costume and Accessories,Glass,"Third Intermediate Period, Dynasty 21–25 (1070–656 BCE)",Jewellery,"https://www.artic.edu/iiif/2/0711c714-656e-d52a-eaa4-024205527a60/full/600,/0/default.jpg"
CHI_628,Art Institute of Chicago,Scarab Amulet,Costume and Accessories,Hematite,Ptolemaic Period (332–30 BCE),Jewellery,"https://www.artic.edu/iiif/2/f080837c-5d78-0fa6-1ada-b1d9a4f21378/full/600,/0/default.jpg"
CHI_132068,Art Institute of Chicago,Amulet of a Heart,Costume and Accessories,Glass,"New Kingdom, Dynasty 18 (about 1550–1295 BCE)",Jewellery,"https://www.artic.edu/iiif/2/d0e18549-a133-f765-8fad-245904dcd2b1/full/600,/0/default.jpg"
CHI_127859,Art Institute of Chicago,Stela of Amenemhat and Hemet,Architectural fragment,Limestone and pigment,"Middle Kingdom, early Dynasty 12, about 1956–1877 BCE",Reliefs,"https://www.artic.edu/iiif/2/9365a024-75ce-75e9-756f-1c2c96eadec9/full/600,/0/default.jpg"
CHI_135834,Art Institute of Chicago,Amulet of Bes,Costume and Accessories,Faience,"Third Intermediate Period, Dynasty 21–25 (1070–656 BCE)",Jewellery,"https://www.artic.edu/iiif/2/671fea96-d620-b4dc-33dc-e9d02f2b8cd8/full/600,/0/default.jpg"
CHI_140647,Art Institute of Chicago,Nehebkau Amulet,Costume and Accessories,Gold,"Late Period, Dynasty 26–30 (664–332 BCE)",Jewellery,"https://www.artic.edu/iiif/2/7c47fc48-c549-6a65-4965-2e6aba493d74/full/600,/0/default.jpg"
CHI_630,Art Institute of Chicago,Heart Scarab,Costume and Accessories,Stone,"Third Intermediate–Late Period, Dynasty 21–26 (about 1069–664 BCE)",Jewellery,"https://www.artic.edu/iiif/2/d4c796d2-498c-8ef4-672b-1172fa0cba56/full/600,/0/default.jpg"
CHI_136093,Art Institute of Chicago,Winged Scarab Amulet,Funerary Object,Faience,"Late Period, Dynasty 26 (664–525 BCE)",Jewellery,"https://www.artic.edu/iiif/2/ca10e062-a8d2-239a-6ca5-a1ba12fa0072/full/600,/0/default.jpg"
CHI_135831,Art Institute of Chicago,Amulet of Sekhmet,Costume and Accessories,Faience,Third Intermediate Period (about 1069–664 BCE),Jewellery,"https://www.artic.edu/iiif/2/3f5e800e-777c-8feb-d07e-28f61714568c/full/600,/0/default.jpg"
CHI_454,Art Institute of Chicago,Statuette of a Seated Girl,Sculpture,terracotta,330-320 BCE,Statuary,"https://www.artic.edu/iiif/2/38ea638d-c8f7-f916-da08-ac7730b6ed5a/full/600,/0/default.jpg"
CHI_135835,Art Institute of Chicago,Amulet of Bes,Costume and Accessories,Faience,Late Period–Ptolemaic Period (664–30 BCE),Jewellery,"https://www.artic.edu/iiif/2/46ca2bdf-9311-06d2-5cb9-b3a54735c784/full/600,/0/default.jpg"
CHI_594,Art Institute of Chicago,Ring with a Scarab Bezel,Costume and Accessories,Gold and green jasper,"Second Intermediate Period, Dynasty 15 (about 1650–1550 BCE)",Jewellery,"https://www.artic.edu/iiif/2/d9067d6e-e133-705c-cf53-528c035a5201/full/600,/0/default.jpg"
CHI_135838,Art Institute of Chicago,Amulet of Sekhmet,Costume and Accessories,Faience,Third Intermediate Period (about 1069–664 BCE),Jewellery,"https://www.artic.edu/iiif/2/980ff5b7-751a-8358-1edd-19f56c7b3c7f/full/600,/0/default.jpg"
CHI_616,Art Institute of Chicago,Pyxis (Container for Personal Objects),Vessel,"terracotta, red-figure",430-420 BCE,Statuary,"https://www.artic.edu/iiif/2/aeb6ae53-78e6-b76d-1993-dd108da55710/full/600,/0/default.jpg"
CHI_158,Art Institute of Chicago,Pelike (Storage Jar),Vessel,"terracotta, black-figure with applied paint",about 510-500 BCE,Statuary,"https://www.artic.edu/iiif/2/48d485ec-6102-b7ec-062c-8b351055ca5f/full/600,/0/default.jpg"
CHI_136258,Art Institute of Chicago,Amulet of an Ankh,Costume and Accessories,Low-fired earthenware or stucco,Third Intermediate Period–Late Period (1070–332 BCE),Jewellery,"https://www.artic.edu/iiif/2/0a74394f-fe11-6f11-bd5d-8e46df76031c/full/600,/0/default.jpg"
CHI_614,Art Institute of Chicago,Amphoriskos (Container for Oil),Vessel,"terracotta, black-figure",600-575 BCE,Statuary,"https://www.artic.edu/iiif/2/36a3f0f7-9bda-2c93-fee8-7c264d5ce01f/full/600,/0/default.jpg"
CHI_164,Art Institute of Chicago,Column-Krater (Mixing Bowl),Vessel,"terracotta, red-figure",about 460 BCE,Statuary,"https://www.artic.edu/iiif/2/f7c96efa-2b60-565e-3b03-a3acf7f79ea9/full/600,/0/default.jpg"
CHI_191,Art Institute of Chicago,Mug,Vessel,"terracotta, black-glaze",about 460 BCE,Pottery,"https://www.artic.edu/iiif/2/e47ce711-82da-5bfa-21e6-37b65b7170df/full/600,/0/default.jpg"
CHI_135985,Art Institute of Chicago,Amulet of Thoth,Costume and Accessories,Faience,Ptolemaic Period (332–30 BCE),Jewellery,"https://www.artic.edu/iiif/2/eb421671-1fbc-d2bc-267f-6e77d76863d1/full/600,/0/default.jpg"
CHI_161,Art Institute of Chicago,Skyphos (Drinking Cup),Vessel,"terracotta, black-glaze with impressed decoration",410-400 BCE,Pottery,"https://www.artic.edu/iiif/2/1bc27523-6b27-d9b1-4ea0-ec436d6fd95e/full/600,/0/default.jpg"
CHI_135862,Art Institute of Chicago,Tyet (Isis Knot) Amulet,Costume and Accessories,Faience,"Late Period, Dynasty 26 (664–525 BCE)",Jewellery,"https://www.artic.edu/iiif/2/73d71d39-e4b7-1217-d5fc-bc9cce6d6375/full/600,/0/default.jpg"
CHI_160,Art Institute of Chicago,Pyxis (Container for Personal Objects),Vessel,"terracotta, black-figure",late 6th century BCE,Statuary,"https://www.artic.edu/iiif/2/e0db998b-5586-aa1f-e2cd-913904656247/full/600,/0/default.jpg"
CHI_9687,Art Institute of Chicago,Tetradrachm (Coin) Portraying King Ptolemy I,Coin,Silver,"253-252 BCE, reign of Ptolemy II (285–247 BCE)",Unclassified,"https://www.artic.edu/iiif/2/63765ec8-f950-44a2-d676-db021b7ee2cc/full/600,/0/default.jpg"
CHI_182,Art Institute of Chicago,Kantharos (Wine Cup),Vessel,"terracotta, Late Gnathia ware",300-275 BCE,Pottery,"https://www.artic.edu/iiif/2/90bc1535-b488-3c52-886f-d0cc703c7778/full/600,/0/default.jpg"
CHI_256,Art Institute of Chicago,Lekanis (Covered Dish),Vessel,"terracotta, black-glaze",450-430 BCE,Pottery,"https://www.artic.edu/iiif/2/9c85ae53-d689-1f55-4abe-d9b709b4a94f/full/600,/0/default.jpg"
CHI_162,Art Institute of Chicago,Hydria (Water Jar),Vessel,"terracotta, black-figure",about 515-500 BCE,Statuary,"https://www.artic.edu/iiif/2/4a81239a-1bb6-d899-03f8-ee4a88e3a8f8/full/600,/0/default.jpg"
CHI_132072,Art Institute of Chicago,Pendant in the Shape of a Head,Costume and Accessories,"Glass, rod-formed technique",5th century-3rd century BCE,Jewellery,"https://www.artic.edu/iiif/2/d4d6a97d-2ff3-cb51-06b6-0580ac0ea349/full/600,/0/default.jpg"
CHI_805,Art Institute of Chicago,Funerary Papyrus of Tayuhenutmut,Painting,Papyrus and pigment,"Third Intermediate Period, probably Dynasty 21 (about 1069-945 BCE)",Reliefs,"https://www.artic.edu/iiif/2/6cb56687-a433-ae6b-ab07-af71dd755ec9/full/600,/0/default.jpg"
CHI_135855,Art Institute of Chicago,Amulet of a Cobra,Costume and Accessories,Faience,"Third Intermediate Period, Dynasty 21–25 (1070–656 BCE)",Jewellery,"https://www.artic.edu/iiif/2/88efa819-0734-3aab-a3c2-91131c8db9d2/full/600,/0/default.jpg"
CHI_183,Art Institute of Chicago,Kantharos (Wine Cup),Vessel,Terracotta with traces of gilding,310-280 BCE,Pottery,"https://www.artic.edu/iiif/2/bde56de2-6202-62ab-dd2b-1018148ba349/full/600,/0/default.jpg"
CHI_140735,Art Institute of Chicago,Amulet of Thoth,Costume and Accessories,Glazed steatite,Ptolemaic Period (332–30 BCE),Jewellery,"https://www.artic.edu/iiif/2/98a96b1d-524f-2d77-355e-f58a8bd4688a/full/600,/0/default.jpg"
CHI_136013,Art Institute of Chicago,Amulet of the Goddesses Isis and Nephthys with Horus Standing Between,Costume and Accessories,Ceramic,"Third Intermediate Period, Dynasty 21–25 (1070–656 BCE)",Jewellery,"https://www.artic.edu/iiif/2/0c78a10e-9c65-a8a7-f3ea-7ecb315b5c5a/full/600,/0/default.jpg"
CHI_281,Art Institute of Chicago,Stemless Kylix (Drinking Cup),Vessel,"terracotta, black-glaze",460-450 BCE,Pottery,"https://www.artic.edu/iiif/2/6dd1ab27-f9a0-596e-82ea-114d5069b294/full/600,/0/default.jpg"
CHI_166,Art Institute of Chicago,Amphora (Storage Jar),Vessel,"terracotta, red-figure",460-450 BCE,Statuary,"https://www.artic.edu/iiif/2/7605118c-b634-cd1f-2c92-b1406ffb1071/full/600,/0/default.jpg"
CHI_140824,Art Institute of Chicago,Amulet of a Leg and Foot,Costume and Accessories,Carnelian,"Late Old Kingdom–First Intermediate Period, Dynasty 5–11 (about 2494–2055 BCE)",Jewellery,"https://www.artic.edu/iiif/2/91de3c6b-9c19-aeb0-0830-1aab2b928793/full/600,/0/default.jpg"
CHI_136081,Art Institute of Chicago,Amulet of Pataikos,Costume and Accessories,Faience,"Third Intermediate Period, Dynasty 21–25 (1070–656 BCE)",Jewellery,"https://www.artic.edu/iiif/2/b56716ac-17f4-5323-4a52-e465eb2231be/full/600,/0/default.jpg"
CHI_61600,Art Institute of Chicago,Statue of the Aphrodite of Knidos,Sculpture,Marble,2nd century,Statuary,"https://www.artic.edu/iiif/2/aee665f2-bb63-2a25-832e-260b73c278a8/full/600,/0/default.jpg"
CHI_245,Art Institute of Chicago,Oinochoe (Pitcher),Vessel,"terracotta, red-figure",end of 4th century BCE,Statuary,"https://www.artic.edu/iiif/2/229b278b-bbce-c26e-01e6-e33489494317/full/600,/0/default.jpg"
CHI_9978,Art Institute of Chicago,Denarius (Coin) Depicting the God Apollo,Coin,Silver,90 BCE,Unclassified,"https://www.artic.edu/iiif/2/98cf6c06-270f-fe8f-11bd-a26550757966/full/600,/0/default.jpg"
CHI_172,Art Institute of Chicago,Oinochoe (Pitcher),Vessel,"terracotta, Bucchero sottile ware",550-500 BCE,Pottery,"https://www.artic.edu/iiif/2/09690ae8-43b3-4814-793e-af5ce930eea8/full/600,/0/default.jpg"
CHI_136233,Art Institute of Chicago,Amulet of the God Imsety (one of the four Sons of Horus),Costume and Accessories,Glass,"Late Period, Dynasty 25–30 (780–343 BCE)",Jewellery,"https://www.artic.edu/iiif/2/44d4ae9b-2d69-6d73-53e9-7bbd9214c634/full/600,/0/default.jpg"
CHI_64339,Art Institute of Chicago,Coffin and Mummy of Paankhaenamun,Funerary Object,"Cartonnage, gold leaf, pigment, and mummified human remains","Third Intermediate Period, Dynasty 22, reign of Osorkon I (about 924–889 BCE)",Statuary,"https://www.artic.edu/iiif/2/93270aaf-16a5-1604-c6c8-0f3c003eb7a1/full/600,/0/default.jpg"
CHI_253,Art Institute of Chicago,Hydria (Water Jar),Vessel,"terracotta, black-glaze",about 300 BCE,Pottery,"https://www.artic.edu/iiif/2/9af8c354-e223-256b-6aa9-71738010d4d5/full/600,/0/default.jpg"
CHI_135987,Art Institute of Chicago,Amulet of a Crouching Lion,Costume and Accessories,Faience,"Late Period, Dynasty 26 or later (664–525 BCE)",Jewellery,"https://www.artic.edu/iiif/2/14b9ddad-9317-848a-c6d8-71b1a7edc73d/full/600,/0/default.jpg"
CHI_5704,Art Institute of Chicago,Aureus (Coin) Portraying Emperor Gordian III,Coin,Gold,"239 (late July-December), issued by Gordian III",Unclassified,"https://www.artic.edu/iiif/2/dd12344b-a94f-c14e-657a-480088ead7b2/full/600,/0/default.jpg"
CHI_141284,Art Institute of Chicago,Amulet of Taweret,Costume and Accessories,Glass,"New Kingdom, Dynasty 18, reign of Akhenaten (about 1352–1336 BCE)",Jewellery,"https://www.artic.edu/iiif/2/c3730c8f-550e-d2d2-fb2f-16e911c2a850/full/600,/0/default.jpg"
CHI_141158,Art Institute of Chicago,Taweret Amulet,Costume and Accessories,Mosaic glass,"New Kingdom, Dynasty 18, reign of Akhenaten (about 1352–1336 BCE)",Jewellery,"https://www.artic.edu/iiif/2/66d8c857-a7eb-b887-3d45-45eca984ba11/full/600,/0/default.jpg"
CHI_136322,Art Institute of Chicago,Amulet of the God Horus as a Falcon,Costume and Accessories,Faience,Late Period–Ptolemaic Period (664–30 BCE),Jewellery,"https://www.artic.edu/iiif/2/dfcd426e-fd3e-c9e5-e0ab-64d69753a0c0/full/600,/0/default.jpg"
CHI_136011,Art Institute of Chicago,Four Eyes of the God Horus (Wedjat) Amulet,Costume and Accessories,Faience,"Third Intermediate Period, Dynasty 21–25 (1070–656 BCE)",Jewellery,"https://www.artic.edu/iiif/2/6e1c1f90-ad98-cf5a-7291-3391c4589b02/full/600,/0/default.jpg"
CHI_282,Art Institute of Chicago,Miniature Pyxis (Container for Personal Objects),Vessel,"terracotta, with silhouette decoration",300-270 BCE,Pottery,"https://www.artic.edu/iiif/2/99afadf9-919e-6759-64f6-1a23aae8219a/full/600,/0/default.jpg"
CHI_845,Art Institute of Chicago,Fragment of a Necklace,Costume and Accessories,Gold,3rd century,Jewellery,"https://www.artic.edu/iiif/2/051007c3-2ef5-64bf-f7dc-71b123d75e4d/full/600,/0/default.jpg"
CHI_136208,Art Institute of Chicago,Amulet of the Crown of Lower Egypt,Costume and Accessories,Faience,"Third Intermediate Period, Dynasty 21–25 (1070–656 BCE)",Jewellery,"https://www.artic.edu/iiif/2/c9637c22-fc93-1e60-4e5e-0c9bacacadaf/full/600,/0/default.jpg"
CHI_9790,Art Institute of Chicago,Coin Depicting the God Zeus,Coin,Copper,"117-111 BCE, issued by Ptolemy X (Soter II)",Unclassified,"https://www.artic.edu/iiif/2/15b5193c-5abb-a6ad-e861-9769b857c91e/full/600,/0/default.jpg"
CHI_617,Art Institute of Chicago,Statuette of Osiris,Sculpture,Copper alloy,"Late Period, Dynasty 26 or later, 664–332 BCE",Statuary,"https://www.artic.edu/iiif/2/16b0b094-c2a2-94df-fe8b-b67241c9c808/full/600,/0/default.jpg"
CHI_64167,Art Institute of Chicago,"Nephthys, Horus the Child, and Isis Amulet",Costume and Accessories,Faience,"Late Period, Dynasty 26 (664–525 BCE)",Jewellery,"https://www.artic.edu/iiif/2/e5a75f8f-ff96-f6cd-cd09-8a02a092e528/full/600,/0/default.jpg"
CHI_136207,Art Institute of Chicago,Amulet of the Crown of Upper Egypt,Costume and Accessories,Faience,"Third Intermediate Period, Dynasty 21–25 (1070–656 BCE)",Jewellery,"https://www.artic.edu/iiif/2/45bf7787-ab20-46b2-74a3-da7ae0b4c42a/full/600,/0/default.jpg"
CHI_551,Art Institute of Chicago,Shabti of Wahibreemakhet,Funerary Object,Faience,"Late Period, Dynasty 26 (664–525 BCE)",Statuary,"https://www.artic.edu/iiif/2/7065688f-f571-dbd0-9e97-3140c8076a95/full/600,/0/default.jpg"
CHI_10062,Art Institute of Chicago,Antoninianus (Coin) Portraying Mariniana,Coin,Billon,254,Unclassified,"https://www.artic.edu/iiif/2/0cd706ee-b87b-3896-fc55-52c91c979f3c/full/600,/0/default.jpg"
CHI_135832,Art Institute of Chicago,Amulet of Mut and Khonsu,Costume and Accessories,Faience,Third Intermediate Period (about 1069–664 BCE),Jewellery,"https://www.artic.edu/iiif/2/bf78023e-d653-0925-30b9-dde18a421986/full/600,/0/default.jpg"
CHI_140646,Art Institute of Chicago,Double Crown Amulet,Costume and Accessories,Gold,Ptolemaic Period (332–30 BCE),Jewellery,"https://www.artic.edu/iiif/2/8f1f997f-b1d7-f2af-d57d-d6a37ff650c2/full/600,/0/default.jpg"
CHI_532,Art Institute of Chicago,Bottle,Vessel,"Glass, mold-blown",1st century,Pottery,"https://www.artic.edu/iiif/2/69fa6133-2b25-30b8-4234-def11cc9b70e/full/600,/0/default.jpg"
CHI_136031,Art Institute of Chicago,Amulet of a Cobra,Costume and Accessories,Faience,"Third Intermediate Period, Dynasty 21–25 (1070–656 BCE)",Jewellery,"https://www.artic.edu/iiif/2/84a2a8b0-b965-ee9f-2711-64df2d7aa1c7/full/600,/0/default.jpg"
CHI_58135,Art Institute of Chicago,Portrait Head of Emperor Hadrian,Sculpture,Marble,130-138,Statuary,"https://www.artic.edu/iiif/2/4ba54d83-416b-92bf-6098-89ffec76a496/full/600,/0/default.jpg"
CHI_13852,Art Institute of Chicago,Portrait Head of Antinous,Sculpture,Marble,about 130-138,Statuary,"https://www.artic.edu/iiif/2/b3c824b5-b972-ad4d-11c1-61334741129e/full/600,/0/default.jpg"
CHI_5616,Art Institute of Chicago,Aureus (Coin) Portraying Emperor Otho,Coin,Gold,"69 (January-April), issued by Otho",Unclassified,"https://www.artic.edu/iiif/2/d18c2b8e-463a-9903-f96d-f8a01bd0a550/full/600,/0/default.jpg"
CHI_140633,Art Institute of Chicago,Eye of Horus (Wedjat) Amulet,Costume and Accessories,Gold,Ptolemaic Period (305–30 BCE),Jewellery,"https://www.artic.edu/iiif/2/60d71dc9-3f66-3681-b613-53f7101ad72e/full/600,/0/default.jpg"
CHI_135989,Art Institute of Chicago,Amulet of Taweret,Costume and Accessories,Faience,Third Intermediate Period–Late Period (about 1069–332 BCE),Jewellery,"https://www.artic.edu/iiif/2/3a73338b-2740-d6f2-8ad0-ecb9858985b3/full/600,/0/default.jpg"
CHI_56166,Art Institute of Chicago,Relief of a Falling Warrior,Sculpture,Marble,2nd century,Statuary,"https://www.artic.edu/iiif/2/9e4f8394-4072-5915-2eea-e55132035165/full/600,/0/default.jpg"
CHI_84551,Art Institute of Chicago,Bell Krater (Mixing Bowl),Vessel,"terracotta, red-figure",about 450 BCE,Statuary,"https://www.artic.edu/iiif/2/10d782f2-d7e8-4f1d-9779-8302ca35e29e/full/600,/0/default.jpg"
CHI_136201,Art Institute of Chicago,Amulet of a Baboon,Costume and Accessories,Faience,"Third Intermediate Period, Dynasty 21–25 (1070–656 BCE)",Jewellery,"https://www.artic.edu/iiif/2/e0eadd7b-dfd8-f1f3-b47a-b4176e647822/full/600,/0/default.jpg"
CHI_136020,Art Institute of Chicago,Amulet of the God Khnum,Costume and Accessories,Faience,"Third Intermediate Period, Dynasty 21–25 (1070–656 BCE)",Jewellery,"https://www.artic.edu/iiif/2/a6459e4f-3b10-7ed2-0bea-ceea8b850e26/full/600,/0/default.jpg"
CHI_286,Art Institute of Chicago,Portrait Head of a Woman,Sculpture,marble,about 140,Statuary,"https://www.artic.edu/iiif/2/95d7115d-3f78-ce6a-d174-d8f3581c9aa4/full/600,/0/default.jpg"
CHI_840,Art Institute of Chicago,Earring,Costume and Accessories,Glass,"New Kingdom, mid- to late Dynasty 18, about 1400–1295 BCE",Jewellery,"https://www.artic.edu/iiif/2/b5fd789f-fc57-5569-3785-e167d144c054/full/600,/0/default.jpg"
CHI_10019,Art Institute of Chicago,Denarius (Coin) Portraying Emperor Hadrian,Coin,Silver,134-138,Unclassified,"https://www.artic.edu/iiif/2/cf7cdb5b-8b39-f794-2083-fc247cd2aa2e/full/600,/0/default.jpg"
CHI_242,Art Institute of Chicago,Amphora (Storage Jar),Vessel,"terracotta, red-figure",4th century BCE,Statuary,"https://www.artic.edu/iiif/2/de7d5700-4efc-ae3b-0e32-614df31d5cbc/full/600,/0/default.jpg"
CHI_159136,Art Institute of Chicago,Portrait Bust of a Woman,Sculpture,Marble,Mid–2nd century,Statuary,"https://www.artic.edu/iiif/2/34133244-99a5-246f-c72f-76f32e55d253/full/600,/0/default.jpg"
CHI_487,Art Institute of Chicago,Ushabti (Funerary Figurine) of Horudja,Funerary Object,Faience,"Late Period, Dynasty 30 (380–343 BCE)",Statuary,"https://www.artic.edu/iiif/2/66a4e017-96f3-52ac-90cd-33f5657a613d/full/600,/0/default.jpg"
CHI_9655,Art Institute of Chicago,Tetradrachm (Coin) Depicting the Goddess Athena,Coin,Silver,about 163 BCE,Unclassified,"https://www.artic.edu/iiif/2/c1691eb7-517e-6d06-987d-dbd9a87d0826/full/600,/0/default.jpg"
CHI_140632,Art Institute of Chicago,Eye of Horus (Wedjat) Amulet,Costume and Accessories,Gold,Ptolemaic Period (305–30 BCE),Jewellery,"https://www.artic.edu/iiif/2/a7201277-3d63-167c-c18e-d87e35a8b6ae/full/600,/0/default.jpg"
CHI_10083,Art Institute of Chicago,Dupondius (Coin) Portraying Germanicus Caesar,Coin,Bronze,15 BCE-19 CE,Statuary,"https://www.artic.edu/iiif/2/09c7e9d9-7c3e-fe62-d236-108d44710612/full/600,/0/default.jpg"
CHI_140945,Art Institute of Chicago,Amulet of a Necklace Counter Weight,Costume and Accessories,Faience,"Third Intermediate Period, Dynasty 21–25 (1070–656 BCE)",Jewellery,"https://www.artic.edu/iiif/2/320ede24-3089-5550-1a24-dffbfac41dba/full/600,/0/default.jpg"
CHI_140858,Art Institute of Chicago,Amulet of a Leg and Foot,Costume and Accessories,Carnelian,"Late Old Kingdom–First Intermediate Period, Dynasty 5–11 (about 2494–2055 BCE)",Jewellery,"https://www.artic.edu/iiif/2/750d06d7-b80a-ac0e-a99d-bfe3dfdc94e6/full/600,/0/default.jpg"
CHI_52198,Art Institute of Chicago,Belly-Amphora (Storage Jar),Vessel,"terracotta, black-figure",550-540 BCE,Statuary,"https://www.artic.edu/iiif/2/890944df-3646-9db0-f1ce-b8321fd40e89/full/600,/0/default.jpg"
CHI_136025,Art Institute of Chicago,Amulet of the God Anubis,Costume and Accessories,Faience,"Third Intermediate Period, Dynasty 21–25 (1070–656 BCE)",Jewellery,"https://www.artic.edu/iiif/2/ff8e8a69-a6e4-566e-e67c-8a1f2ce9a16b/full/600,/0/default.jpg"
CHI_10006,Art Institute of Chicago,Aureus (Coin) Portraying Emperor Antoninus Pius,Coin,Gold,138,Unclassified,"https://www.artic.edu/iiif/2/fd035801-bbfd-7265-97af-1e36113b284a/full/600,/0/default.jpg"
CHI_317,Art Institute of Chicago,Lekythos (Oil Jar),Vessel,"terracotta, black-glaze",about 400 BCE,Pottery,"https://www.artic.edu/iiif/2/2cc02688-d6b2-d7ea-fa2e-d461330abceb/full/600,/0/default.jpg"
CHI_9739,Art Institute of Chicago,Tetradrachm (Coin) Portraying Demetrius II Nikator of Syria,Coin,Silver,"130-129 BCE, Reign of Demetrius II Nikator of Syria, 145–139 BCE and 129–125 BCE",Unclassified,"https://www.artic.edu/iiif/2/7dd34b75-a1dc-bb84-5b27-8c4a5bd89665/full/600,/0/default.jpg"
CHI_259,Art Institute of Chicago,Skyphos (Drinking Cup),Vessel,terracotta,450-400 BCE,Pottery,"https://www.artic.edu/iiif/2/1fbb10a8-4a6c-925d-f2c1-2aa96261b3bf/full/600,/0/default.jpg"
CHI_52201,Art Institute of Chicago,Statuette of a Female Figure,Sculpture,Marble,"Early Bronze Age, 2600–2400 BCE",Statuary,"https://www.artic.edu/iiif/2/40d398a0-ba23-3254-c1f3-50d4fb3b9084/full/600,/0/default.jpg"
CHI_246,Art Institute of Chicago,Oinochoe (Pitcher),Vessel,"terracotta, red-figure",end of 4th century BCE,Statuary,"https://www.artic.edu/iiif/2/44abac03-4d36-aac6-f44e-ffe1d57dfb03/full/600,/0/default.jpg"
CHI_140726,Art Institute of Chicago,Amulet of Pataikos,Costume and Accessories,Ceramic,"Third Intermediate Period–Late Period, Dynasty 25–31 (8th–4th century BCE)",Jewellery,"https://www.artic.edu/iiif/2/1e24eba8-2684-69af-780c-e153552812fb/full/600,/0/default.jpg"
CHI_140839,Art Institute of Chicago,Eye of Horus (Wedjat) Amulet,Costume and Accessories,Faience,Ptolemaic Period (305–30 BCE),Jewellery,"https://www.artic.edu/iiif/2/f1dd54e2-f18b-fb0f-93f9-971d695b3630/full/600,/0/default.jpg"
CHI_136204,Art Institute of Chicago,Amulet of a Hare,Costume and Accessories,Faience,"Third Intermediate Period, Dynasty 21–25 (1070–656 BCE)",Jewellery,"https://www.artic.edu/iiif/2/1a1ddcd7-c200-a7be-a0d7-84bbb1f7d7f6/full/600,/0/default.jpg"
CHI_86646,Art Institute of Chicago,Architectural Fragment with Relief Carving,Architectural fragment,Wood,5th–6th century,Reliefs,"https://www.artic.edu/iiif/2/f91b6683-22cc-6370-b22e-c26678a33416/full/600,/0/default.jpg"
CHI_64312,Art Institute of Chicago,Funerary Mask,Funerary Object,"Cartonnage, gold leaf, and pigment","Late Ptolemaic Period-early Roman Period, 1st century BCE",Statuary,"https://www.artic.edu/iiif/2/82f922f7-33cd-fb48-91ca-8aa050786a56/full/600,/0/default.jpg"
CHI_5764,Art Institute of Chicago,Tetradrachm (Coin) Portraying Alexander the Great,Coin,Silver,"297-281 BCE, issued by King Lysimachus of Thrace",Unclassified,"https://www.artic.edu/iiif/2/eed63520-b035-7587-0d5e-07af9216a627/full/600,/0/default.jpg"
CHI_135135,Art Institute of Chicago,Weight in the Form of a Frog,Costume and Accessories,Copper alloy,"New Kingdom, about 1550-1069 BCE",Unclassified,"https://www.artic.edu/iiif/2/8f13cb43-bace-f2a3-ea67-54a4f9907dfd/full/600,/0/default.jpg"
CHI_9768,Art Institute of Chicago,Coin Depicting Cow Suckling Calf,Coin,Silver,229-100 BCE,Unclassified,"https://www.artic.edu/iiif/2/95c7ddd0-899f-ea97-75fb-1826a0f691cf/full/600,/0/default.jpg"
CHI_111030,Art Institute of Chicago,Architectural Relief Depicting the Gigantomachy (Battle Between Gods and Giants),Architectural fragment,Terracotta and pigment,3rd-2nd century BCE,Pottery,"https://www.artic.edu/iiif/2/2f261722-1bf7-95ff-cfb2-5384614a5adb/full/600,/0/default.jpg"
CHI_255,Art Institute of Chicago,Fish Plate,Decorative Arts,"terracotta, red-figure",400-370 BCE,Statuary,"https://www.artic.edu/iiif/2/41e76dfc-8322-cc90-121b-0cab281051d4/full/600,/0/default.jpg"
CHI_180206,Art Institute of Chicago,Statue of Horus,Sculpture,Basalt,Ptolemaic Period (332–30 BCE),Statuary,"https://www.artic.edu/iiif/2/6a766b86-824d-239b-e3b8-eea48af968ee/full/600,/0/default.jpg"
CHI_136017,Art Institute of Chicago,Amulet of the God Bes,Costume and Accessories,Faience,"Third Intermediate Period, Dynasty 21–25 (1070–656 BCE)",Jewellery,"https://www.artic.edu/iiif/2/8c6d7126-3a3c-45df-26cb-cc7dbdfeee2e/full/600,/0/default.jpg"
CHI_135847,Art Institute of Chicago,Amulet of a Papyrus Column,Costume and Accessories,Stone,"Third Intermediate Period, Dynasty 21–25 (1070–656 BCE)",Jewellery,"https://www.artic.edu/iiif/2/8683ca6f-d381-9e35-7778-bb35b26658cb/full/600,/0/default.jpg"
CHI_173,Art Institute of Chicago,Mastoid (Drinking Cup) with Handles,Vessel,"terracotta, black-figure",500-480 BCE,Statuary,"https://www.artic.edu/iiif/2/24476a3c-c0e8-28cf-8634-105171740077/full/600,/0/default.jpg"
CHI_809,Art Institute of Chicago,Earring with Dolphin Head Finial,Costume and Accessories,"Gold, glass, and sardonyx",3rd-2nd century BCE,Jewellery,"https://www.artic.edu/iiif/2/6ffd5983-4180-9940-9b61-2cbd431766eb/full/600,/0/default.jpg"
CHI_807,Art Institute of Chicago,Necklace with Pendant,Costume and Accessories,"Gold, garnet, and emerald",2nd-3rd century,Jewellery,"https://www.artic.edu/iiif/2/52bacfeb-ef40-05ae-1f0d-dd3bbf320570/full/600,/0/default.jpg"
CHI_134573,Art Institute of Chicago,Amulet of Re-Horakhty,Costume and Accessories,Faience,Late Period–Ptolemaic Period (664–30 BCE),Jewellery,"https://www.artic.edu/iiif/2/dd45d8ab-4538-0a8c-f4c7-8795777e110d/full/600,/0/default.jpg"
CHI_250,Art Institute of Chicago,Column-Krater (Mixing Bowl),Vessel,"terracotta, red-figure",about 450 BCE,Statuary,"https://www.artic.edu/iiif/2/4c8f7420-eab0-ab61-5004-fb78ffff27b6/full/600,/0/default.jpg"
CHI_64165,Art Institute of Chicago,Ram Amulet,Costume and Accessories,Glass,Late Period–Ptolemaic Period (664–30 BCE),Jewellery,"https://www.artic.edu/iiif/2/58ab2466-9c2d-8c45-b82d-564f7e5bbb86/full/600,/0/default.jpg"
CHI_11625,Art Institute of Chicago,Figure of a Youth from a Funerary Stele (Monument),Sculpture,Marble,about 380 BCE,Statuary,"https://www.artic.edu/iiif/2/0c49ea9d-c9bc-381e-9ca5-0fce23cc70ec/full/600,/0/default.jpg"
CHI_100628,Art Institute of Chicago,Side Panel of a Sarcophagus,Sculpture,Marble,First half of the 3rd century,Statuary,"https://www.artic.edu/iiif/2/cf66b02b-5cc7-d717-fe0e-bab118ae5c4c/full/600,/0/default.jpg"
CHI_52764,Art Institute of Chicago,Statuette of Hercules,Sculpture,Bronze,Mid–late 1st century,Statuary,"https://www.artic.edu/iiif/2/de0a8d6e-1734-35c6-b99c-e38d8450eee7/full/600,/0/default.jpg"
CHI_841,Art Institute of Chicago,Earring,Costume and Accessories,Glass,"New Kingdom, mid- to late Dynasty 18, about 1400–1295 BCE",Jewellery,"https://www.artic.edu/iiif/2/1e78a70e-ad01-6ddf-fadb-19bc4b706f7e/full/600,/0/default.jpg"
CHI_5588,Art Institute of Chicago,Denarius (Coin) Portraying Julius Caesar,Coin,Silver,"42 BCE, issued by L. Mussidius Longus",Unclassified,"https://www.artic.edu/iiif/2/cdce82ac-b2ca-5c3e-9420-536a09899e21/full/600,/0/default.jpg"
CHI_333,Art Institute of Chicago,Statuette of a Siren,Sculpture,terracotta,3rd-1st century BCE,Statuary,"https://www.artic.edu/iiif/2/88ce2c7a-7b75-3faa-6abd-3afa0ab21426/full/600,/0/default.jpg"
CHI_9954,Art Institute of Chicago,Denarius (Coin) Portraying Emperor Augustus,Coin,Silver,2 BCE-4 CE,Unclassified,"https://www.artic.edu/iiif/2/ca9dcc82-d441-e027-0fc3-835af18f8b4e/full/600,/0/default.jpg"
CHI_367,Art Institute of Chicago,Pendant Depicting Apollo,Sculpture,terracotta,2nd-1st century BCE,Jewellery,"https://www.artic.edu/iiif/2/4ba70797-1116-3ca7-75c8-0336bfaba48f/full/600,/0/default.jpg"
CHI_135872,Art Institute of Chicago,Eye of Horus (Wedjat) Amulet,Costume and Accessories,Carnelian,Old Kingdom (about 2686-2125 BCE),Jewellery,"https://www.artic.edu/iiif/2/e1114d67-a346-335e-b171-dbe7ce355ca5/full/600,/0/default.jpg"
CHI_127874,Art Institute of Chicago,Model of a River Boat,Funerary Object,Wood and pigment,"Middle Kingdom, mid-Dynasty 12, about 1875 BCE",Statuary,"https://www.artic.edu/iiif/2/f16a5e00-31c5-1e61-a953-15c5abb42ca3/full/600,/0/default.jpg"
CHI_136228,Art Institute of Chicago,Amulet of the Feathers of Amon,Costume and Accessories,Granite,"Third Intermediate Period, Dynasty 21–25 (1070–656 BCE)",Jewellery,"https://www.artic.edu/iiif/2/2150b9ea-3689-13cf-8355-277eb4521a43/full/600,/0/default.jpg"
CHI_194522,Art Institute of Chicago,Tetradrachm (Coin) Portraying Queen Cleopatra VII,Coin,Silver,"37-33 BCE, issued by Mark Antony",Unclassified,"https://www.artic.edu/iiif/2/010469dd-fb00-f67a-3d59-5ff90dea4643/full/600,/0/default.jpg"
CHI_12773,Art Institute of Chicago,Jar,Vessel,"Glass, blown technique",2nd-3rd century,Pottery,"https://www.artic.edu/iiif/2/8a2eefb0-70f4-36d8-e69a-772e041dc66e/full/600,/0/default.jpg"
CHI_181,Art Institute of Chicago,Amphora (Storage Jar),Vessel,"terracotta, red-figure",340-330 BCE,Statuary,"https://www.artic.edu/iiif/2/d8fab7c6-8cc9-1c02-18db-0f198775ccc9/full/600,/0/default.jpg"
CHI_65244,Art Institute of Chicago,Statue of a Seated Woman,Sculpture,Marble,2nd century,Statuary,"https://www.artic.edu/iiif/2/d3094c55-68e5-9aab-5eaf-9f2a3a9edda1/full/600,/0/default.jpg"
CHI_593,Art Institute of Chicago,Pair of Earrings,Costume and Accessories,Gold and glass,1st century,Jewellery,"https://www.artic.edu/iiif/2/aea0849c-ebb2-ec77-ee07-144aab851a14/full/600,/0/default.jpg"
CHI_40593,Art Institute of Chicago,Statue of Meleager,Sculpture,Marble,1st-2nd century,Statuary,"https://www.artic.edu/iiif/2/59ecc9ae-3858-57af-dcda-619c47d5c279/full/600,/0/default.jpg"
CHI_185,Art Institute of Chicago,Kylix (Drinking Cup),Vessel,"terracotta, red-figure",about 460 BCE,Statuary,"https://www.artic.edu/iiif/2/9312601d-c20c-289e-c026-eafc676c5116/full/600,/0/default.jpg"
CHI_136086,Art Institute of Chicago,Amulet of the God Nehebkau,Costume and Accessories,Faience,"Third Intermediate Period, Dynasty 21–25 (1070–656 BCE)",Jewellery,"https://www.artic.edu/iiif/2/2d850ccf-244e-5ef7-3e3e-793b32e2b148/full/600,/0/default.jpg"
CHI_136196,Art Institute of Chicago,Amulet of the God Nefertem,Costume and Accessories,Faience,"Third Intermediate Period, Dynasty 21–25 (1070–656 BCE)",Jewellery,"https://www.artic.edu/iiif/2/da4fab83-c459-6692-8a44-026437bc5d57/full/600,/0/default.jpg"
CHI_135842,Art Institute of Chicago,Amulet of a Heart,Costume and Accessories,Lapis Lazuli,"Third Intermediate Period, Dynasty 21–25 (1070–656 BCE)",Jewellery,"https://www.artic.edu/iiif/2/701bd860-9cbf-693b-9df8-9b2ec42d4156/full/600,/0/default.jpg"
CHI_12985,Art Institute of Chicago,Fragment of a Stela of Neferhotep,Architectural fragment,Limestone and pigment,"New Kingdom, mid-Dynasty 19, about 1240-1195 BCE",Reliefs,"https://www.artic.edu/iiif/2/3265677e-4e82-3d16-22a7-6a7621df3193/full/600,/0/default.jpg"
CHI_111809,Art Institute of Chicago,Cameo Portraying Emperor Claudius as Jupiter,Costume and Accessories,"Cameo: sardonyx
Mount: gold, pearls, and enamel","Cameo: Roman, mid-first century
Mount: Italian, late 16th century",Unclassified,"https://www.artic.edu/iiif/2/8c058837-aff8-30db-3e3f-cd251cd3e19c/full/600,/0/default.jpg"
CHI_835,Art Institute of Chicago,Hand Mirror,Sculpture,Copper alloy,"New Kingdom, Dynasty 18 (about 1550–1295 BCE)",Statuary,"https://www.artic.edu/iiif/2/84bb4f73-a115-eacc-6299-d646d4e10208/full/600,/0/default.jpg"
CHI_40887,Art Institute of Chicago,Rhyton (Drinking Vessel) in the Shape of a Donkey Head,Vessel,"terracotta, red-figure",480-470 BCE,Statuary,"https://www.artic.edu/iiif/2/d2937616-518c-d4d8-63ec-3d7bcc04b646/full/600,/0/default.jpg"
CHI_136015,Art Institute of Chicago,Amulet of the God Imsety (one of the four Sons of Horus),Costume and Accessories,Faience,"Third Intermediate Period, Dynasty 21–25 (1070–656 BCE)",Jewellery,"https://www.artic.edu/iiif/2/593d140b-b4dc-f898-472f-b77311a77c8b/full/600,/0/default.jpg"
CHI_87652,Art Institute of Chicago,Alabastron (Container for Scented Oil),Vessel,"terracotta, black-figure on white ground",about 500-480 BCE,Statuary,"https://www.artic.edu/iiif/2/5cdb5935-b9cf-966b-cfe8-288a324133e7/full/600,/0/default.jpg"
CHI_641,Art Institute of Chicago,Oinochoe (Pitcher),Vessel,"terracotta, black-figure",640-625 BCE,Statuary,"https://www.artic.edu/iiif/2/29406788-beb5-2cfd-0b1a-fa18f2aa0ded/full/600,/0/default.jpg"
CHI_121767,Art Institute of Chicago,Head of an Official,Sculpture,Granite,"Middle Kingdom, Dynasty 13 (about 1773–1650 BCE)",Statuary,"https://www.artic.edu/iiif/2/b193b8a4-1a97-ee40-918c-cf1f92cf6a9b/full/600,/0/default.jpg"
CHI_13454,Art Institute of Chicago,Statue of Shebenhor,Sculpture,Basalt,"Late Period, Dynasty 26 (664-525 BCE)",Statuary,"https://www.artic.edu/iiif/2/60b5a6df-e329-4220-f1d9-d78965a28a57/full/600,/0/default.jpg"
CHI_152015,Art Institute of Chicago,Poncho,Costume and Accessories,"Camelid wool, single interlocking tapestry weave and five-color complementary weft weave with center band of complementary weft weave",1300-1550,Unclassified,"https://www.artic.edu/iiif/2/87451cde-3aad-6b23-3c50-d8db5b4dd0d3/full/600,/0/default.jpg"
CHI_50276,Art Institute of Chicago,Statue of the Madonna in the Mountains,Drawing and Watercolor,"Brush and black ink and gray wash, with graphite, on cream wove paper",1804,Statuary,"https://www.artic.edu/iiif/2/444f3e95-b21f-c821-e6af-00fe9560fb95/full/600,/0/default.jpg"
CHI_3242,Art Institute of Chicago,Statue of Mercury,Drawing and Watercolor,"Pen and brown ink, with brush and gray and orange wash, over traces of graphite, on cream laid paper, laid down on blue laid paper",n.d.,Statuary,"https://www.artic.edu/iiif/2/575937b3-9b49-6d23-ce27-12bcce8f9903/full/600,/0/default.jpg"
CHI_146875,Art Institute of Chicago,Samson and the Lion,Sculpture,Marble,1604–7,Statuary,"https://www.artic.edu/iiif/2/833b1d8d-9e16-efb3-e848-73552c9b8404/full/600,/0/default.jpg"
CHI_51503,Art Institute of Chicago,Statue of a Young Boy,Sculpture,Marble,1st century,Statuary,"https://www.artic.edu/iiif/2/4025503f-88e7-6e7a-6fa8-30f974af27ed/full/600,/0/default.jpg"
CHI_217295,Art Institute of Chicago,Statue of Young Dionysos,Sculpture,"Bronze, copper, and silver (modern)",100 BCE-100 CE,Statuary,"https://www.artic.edu/iiif/2/3f3ba9a2-24e0-435f-64e7-31114121b3be/full/600,/0/default.jpg"
CHI_129906,Art Institute of Chicago,Pair of Protomes Depicting the Forepart of a Griffin,Sculpture,Bronze with bone or ivory inlay,625-575 BCE,Statuary,"https://www.artic.edu/iiif/2/d9f9e2d6-9b08-9dd4-41ef-53fbef138281/full/600,/0/default.jpg"
CHI_13070,Art Institute of Chicago,Fountain Spout,Architectural fragment,Marble,1st century,Unclassified,"https://www.artic.edu/iiif/2/ed309290-124b-30cf-fa91-6fde444b87a6/full/600,/0/default.jpg"
CHI_198468,Art Institute of Chicago,Fragment of a Funerary Lekythos (Monument in the Shape of an Oil Jar),Funerary Object,Marble,4th century BCE,Pottery,"https://www.artic.edu/iiif/2/a3d2abff-32d3-da39-73d2-87e5b60b986c/full/600,/0/default.jpg"
CHI_120300,Art Institute of Chicago,Statuette of Re-Horakhty,Sculpture,Copper alloy with gilding,"Third Intermediate Period-Late Period, Dynasty 21–26, about 1069–525 BCE",Statuary,"https://www.artic.edu/iiif/2/f4e6d05f-6211-e858-8f94-a93e42f5f3a1/full/600,/0/default.jpg"
CHI_55887,Art Institute of Chicago,Fragment of a Funerary Naiskos (Monument in the Shape of a Temple),Funerary Object,Marble,about 330 BCE,Unclassified,"https://www.artic.edu/iiif/2/6ddb36c6-490d-b00f-e506-c2492bedc683/full/600,/0/default.jpg"
CHI_108896,Art Institute of Chicago,Head of a Bearded Man,Sculpture,Limestone,5th century BCE,Statuary,"https://www.artic.edu/iiif/2/8e8c2fcc-9532-a61d-cb4a-fe6803144943/full/600,/0/default.jpg"
CHI_4103,Art Institute of Chicago,"Statue of Standing Warrior, from Rear",Drawing and Watercolor,"Pen and brown ink with brush and gray wash, on tan laid paper, laid down on cream laid paper",n.d.,Statuary,"https://www.artic.edu/iiif/2/0ba8beb0-2658-fe1b-c7cf-5bcf245bbb01/full/600,/0/default.jpg"
CHI_198337,Art Institute of Chicago,Amphora (Storage Jar),Vessel,"terracotta, black-figure",530-520 BCE,Statuary,"https://www.artic.edu/iiif/2/ea80aeee-859c-9577-af83-1b7fef0bf17c/full/600,/0/default.jpg"
CHI_155,Art Institute of Chicago,Mastoid (Drinking Cup),Vessel,"terracotta, black-figure",500-480 BCE,Statuary,"https://www.artic.edu/iiif/2/4b94ea8b-0bb7-e063-1535-969c0373ccce/full/600,/0/default.jpg"
CHI_206785,Art Institute of Chicago,Statuette of a Striding Figure,Religious/Ritual Object,Copper,3000-2800 BCE,Statuary,"https://www.artic.edu/iiif/2/cb29f9b8-2955-9c1e-fd52-ccfca730942b/full/600,/0/default.jpg"
CHI_84553,Art Institute of Chicago,Amphora (Storage Jar),Vessel,"terracotta, red-figure",455-445 BCE,Statuary,"https://www.artic.edu/iiif/2/32049c87-cabf-fede-13c4-29b5332ce210/full/600,/0/default.jpg"
CHI_9974,Art Institute of Chicago,Denarius (Coin) Depicting the Goddess Juno Sospita,Coin,Silver,105 BCE,Unclassified,"https://www.artic.edu/iiif/2/032ef2cc-b2e4-815b-afa6-d2a1e9b808b0/full/600,/0/default.jpg"
CHI_262,Art Institute of Chicago,Portrait Head of a Youth,Sculpture,marble,"14-68, reworked by the late 4th-early 5th century",Statuary,"https://www.artic.edu/iiif/2/7502d86c-1387-4ae7-f334-94245a52ddd0/full/600,/0/default.jpg"
CHI_536,Art Institute of Chicago,Flask in the Shape of a Date,Vessel,"Glass, mold-blown technique",1st century,Pottery,"https://www.artic.edu/iiif/2/affcfcde-008c-cb70-cc36-960790b2510b/full/600,/0/default.jpg"
CHI_105691,Art Institute of Chicago,Egypt,Photograph,Book containing photogravures (25),c. 1893,Unclassified,"https://www.artic.edu/iiif/2/33f9b78e-2c97-cddc-745a-ba3e4ed6273c/full/600,/0/default.jpg"
CHI_184325,Art Institute of Chicago,Dish,Vessel,"Glass, mosaic",Mid 2nd-early 1st century BCE,Pottery,"https://www.artic.edu/iiif/2/250531ea-1b0c-3df9-fb03-a3b7b108ea7e/full/600,/0/default.jpg"
CHI_10209,Art Institute of Chicago,Coin Portraying King Vabalathus,Coin,Bronze,270-275,Statuary,"https://www.artic.edu/iiif/2/c176cf9d-186f-3fbb-020a-dabbaf5febee/full/600,/0/default.jpg"
CHI_154054,Art Institute of Chicago,Foot of a Cista (Storage Box),Sculpture,Bronze,early 5th century BCE,Statuary,"https://www.artic.edu/iiif/2/8649663f-d4c1-734c-7c10-7efb3b095f92/full/600,/0/default.jpg"
CHI_102074,Art Institute of Chicago,Head of Mars,Sculpture,Marble,2nd century,Statuary,"https://www.artic.edu/iiif/2/4d5d1786-225b-477e-f4fb-3aba27fd97d7/full/600,/0/default.jpg"
CHI_9961,Art Institute of Chicago,Denarius (Coin) Depicting the Goddess Roma,Coin,Silver,136 BCE,Unclassified,"https://www.artic.edu/iiif/2/a2e39ffd-abf9-10ee-0be1-55a22bb6d878/full/600,/0/default.jpg"
CHI_125774,Art Institute of Chicago,Mother-and-Child Figure (Bwanga bwa Chibola),Sculpture,Wood and pigment,Mid–late 19th century,Statuary,"https://www.artic.edu/iiif/2/a766aef8-3bd6-8516-6691-223d9f8239b4/full/600,/0/default.jpg"
CHI_127894,Art Institute of Chicago,Stela of Amenemhat and Yatu,Architectural fragment,Limestone and pigment,"Middle Kingdom, late Dynasty 12–early Dynasty 13, about 1870–1770 BCE",Reliefs,"https://www.artic.edu/iiif/2/2867434d-2419-26b0-fd39-16aae654689d/full/600,/0/default.jpg"
CHI_126436,Art Institute of Chicago,Mosaic Fragment with Man Leading a Giraffe,Architectural fragment,Stone in mortar,5th century,Unclassified,"https://www.artic.edu/iiif/2/30a17640-e9e9-7990-1f7c-8fc18d06464e/full/600,/0/default.jpg"
CHI_4427,Art Institute of Chicago,Sestertius (Coin) Portraying Emperor Trajan,Coin,Bronze,"Roman Period, 98-117",Statuary,"https://www.artic.edu/iiif/2/4916a60d-7431-fde1-c62d-1d608b6eacc4/full/600,/0/default.jpg"
CHI_9952,Art Institute of Chicago,Denarius (Coin) Portraying Octavian,Coin,Silver,36 BCE,Unclassified,"https://www.artic.edu/iiif/2/2493b517-77c0-2854-118c-edfff7de5648/full/600,/0/default.jpg"
CHI_5714,Art Institute of Chicago,Aureus (Coin) Portraying Emperor Aurelian,Coin,Gold,"272, issued by Aurelian",Unclassified,"https://www.artic.edu/iiif/2/575f77d1-f8b8-58df-b34a-ca5e8a98adc7/full/600,/0/default.jpg"
CHI_5721,Art Institute of Chicago,Argenteus (Coin) Portraying Emperor Diocletian,Coin,Silver,"300, issued by Diocletian or Maximianus",Unclassified,"https://www.artic.edu/iiif/2/daa232e5-a511-40e1-c092-e75ac680c794/full/600,/0/default.jpg"
CHI_120265,Art Institute of Chicago,Canopic Jar of Amenhotep,Funerary Object,Ceramic and pigment,"New Kingdom, Dynasty 18, reign of Amenhotep II (about 1427–1400 BCE)",Pottery,"https://www.artic.edu/iiif/2/e9fca0e0-88dc-4f68-2f0c-2c123bed77fe/full/600,/0/default.jpg"
CHI_147877,Art Institute of Chicago,Attachments Depicting Busts of Silenoi,Decorative Arts,"Bronze, silver, and copper",Mid 1st century BCE-mid 1st century CE,Statuary,"https://www.artic.edu/iiif/2/a5279340-dc3a-35c3-8226-c0bee51f4e1e/full/600,/0/default.jpg"
CHI_121737,Art Institute of Chicago,Stela of Tjenti and Nefret,Architectural fragment,Limestone,"Old Kingdom, Dynasty 4, about 2540 BCE",Reliefs,"https://www.artic.edu/iiif/2/ded5de06-e39e-7974-27ba-0d2db380f149/full/600,/0/default.jpg"
CHI_12742,Art Institute of Chicago,Ritual Impersonator of the Deity Xipe Totec,Sculpture,Ceramic and pigment,1450–1500,Statuary,"https://www.artic.edu/iiif/2/6ad471c9-4348-0b3e-875a-fbcdb4bddd6b/full/600,/0/default.jpg"
CHI_11611,Art Institute of Chicago,Portrait Head of a Young Woman,Sculpture,Marble,130-40,Statuary,"https://www.artic.edu/iiif/2/2d078cd6-8cb3-87ec-8232-fc458dddc1a5/full/600,/0/default.jpg"
CHI_103304,Art Institute of Chicago,Hand Mirror,Decorative Arts,Bronze,470-450 BCE,Statuary,"https://www.artic.edu/iiif/2/57dfc86b-0b36-d407-d277-674265fbf4d4/full/600,/0/default.jpg"
CHI_5779,Art Institute of Chicago,Octadrachm (Coin) Portraying Queen Arsinoe II,Coin,Gold,"After 270 BCE, issued by King Ptolemy II or III",Unclassified,"https://www.artic.edu/iiif/2/a4098863-b0bf-b54d-99dc-6ce76f1d57d2/full/600,/0/default.jpg"
CHI_59815,Art Institute of Chicago,Amphora (Storage Jar),Vessel,"terracotta, black-figure on white-ground",530-520 BCE,Statuary,"https://www.artic.edu/iiif/2/725f99fd-7c3a-a7a9-1767-573bc642a842/full/600,/0/default.jpg"
CHI_9959,Art Institute of Chicago,Denarius (Coin) Depicting the Goddess Roma,Coin,Silver,91 BCE,Unclassified,"https://www.artic.edu/iiif/2/320b23f1-49a3-81ea-0796-05460b94bae8/full/600,/0/default.jpg"
CHI_48978,Art Institute of Chicago,Votive (Gift) in the Shape of a Woman's Head,Sculpture,"terracotta, pigment",about 500 BCE,Statuary,"https://www.artic.edu/iiif/2/99ebad3c-0380-99e9-f97b-a586c2f6259e/full/600,/0/default.jpg"
CHI_277,Art Institute of Chicago,Kantharos (Wine Cup),Vessel,"terracotta, red-figure",about 300 BCE,Statuary,"https://www.artic.edu/iiif/2/63879ffb-c96a-7386-659f-ecff2e105efd/full/600,/0/default.jpg"
CHI_615,Art Institute of Chicago,Pyxis (Container for Personal Objects),Vessel,"terracotta, red-figure",450-440 BCE,Statuary,"https://www.artic.edu/iiif/2/1d7a0a68-49a2-66b8-bae9-ffd40e91858a/full/600,/0/default.jpg"
CHI_40897,Art Institute of Chicago,Kantharos (Wine Cup) in the Shape of a Female Head,Vessel,"terracotta, white-ground and black-figure technique",about 480 BCE,Statuary,"https://www.artic.edu/iiif/2/0a8f7343-2268-4721-901e-7f13e2683bea/full/600,/0/default.jpg"
CHI_12622,Art Institute of Chicago,Vessel in the Form of an Ancient Bronze Jar (Hu),Vessel,Porcelain,"Qing dynasty (1644–1911), Qianlong reign (1736–95)",Statuary,"https://www.artic.edu/iiif/2/49ab916a-c274-6fc0-3c9a-f5db43b78d9c/full/600,/0/default.jpg"
CHI_176,Art Institute of Chicago,Mastoid (Drinking Cup),Vessel,"terracotta, black-figure",about 500-480 BCE,Statuary,"https://www.artic.edu/iiif/2/c56d707e-cc49-ca01-727a-a9e1cf55c1bc/full/600,/0/default.jpg"
CHI_591,Art Institute of Chicago,Vessel,Vessel,Andesite porphyry,"Predynastic Period, Late Naqada II (about 3300–3200 BCE)",Pottery,"https://www.artic.edu/iiif/2/5289e4d8-0d6e-c3c2-cef2-ba11f9a011a9/full/600,/0/default.jpg"
CHI_254,Art Institute of Chicago,Amphora (Storage Jar),Vessel,"terracotta, black-figure",490-480 BCE,Statuary,"https://www.artic.edu/iiif/2/5e209161-6b7e-0783-f52d-1cc8677285c2/full/600,/0/default.jpg"
CHI_87650,Art Institute of Chicago,Kylix (Drinking Cup),Vessel,"terracotta, black-figure",about 540-530 BCE,Statuary,"https://www.artic.edu/iiif/2/ff6dc18c-22b9-8478-3b72-fdfaaa8a5228/full/600,/0/default.jpg"
CHI_88351,Art Institute of Chicago,Kylix (Drinking Cup),Vessel,"terracotta, red-figure",about 480 BCE,Statuary,"https://www.artic.edu/iiif/2/f6f4a24f-41fc-57a3-9b41-bb70a76c777f/full/600,/0/default.jpg"
CHI_102081,Art Institute of Chicago,Knob-Handled Patera (Dish),Vessel,"terracotta, red-figure",330-320 BCE,Statuary,"https://www.artic.edu/iiif/2/ea634e34-0254-80c2-0233-85af0e3e493f/full/600,/0/default.jpg"
CHI_5025,Art Institute of Chicago,Aryballos (Cointainer for Oil),Vessel,"terracotta, black-figure",625-600 BCE,Statuary,"https://www.artic.edu/iiif/2/281eb34a-9205-0a9a-fbb5-294ef3bca510/full/600,/0/default.jpg"
CHI_269,Art Institute of Chicago,Kylix (Drinking Cup),Vessel,"terracotta, red-figure",510-500 BCE,Statuary,"https://www.artic.edu/iiif/2/9717c905-6223-5242-1784-9a33275573c9/full/600,/0/default.jpg"
CHI_50203,Art Institute of Chicago,Pyxis (Container for Personal Objects),Vessel,terracotta,730-720 BCE,Pottery,"https://www.artic.edu/iiif/2/cb9ff11b-235e-b3aa-138e-0f74b73065a1/full/600,/0/default.jpg"
CHI_9937,Art Institute of Chicago,Vase,Vessel,"Glass, blown technique",1st century,Pottery,"https://www.artic.edu/iiif/2/7d187d7c-7699-68bb-315b-9969eaac7ef4/full/600,/0/default.jpg"
CHI_43326,Art Institute of Chicago,Alabastron (Container for Scented Oil),Vessel,"Glass, core-formed technique",late 6th-early 3rd century BCE,Pottery,"https://www.artic.edu/iiif/2/61c587e5-026b-0b96-84fd-b379881e5a33/full/600,/0/default.jpg"
CHI_96273,Art Institute of Chicago,Cinerary Urn of Plautia Hesperis,Funerary Object,Marble,1st century,Unclassified,"https://www.artic.edu/iiif/2/f98b3be5-4658-cbcf-4aee-fe7813d8934a/full/600,/0/default.jpg"
CHI_87663,Art Institute of Chicago,Phiale (Shallow Bowl for Pouring Ritual Libations),Vessel,"terracotta, Calenian relief ware",300-250 BCE,Jewellery,"https://www.artic.edu/iiif/2/2257d6be-92b3-e4cd-dcc9-05f2da4daf5a/full/600,/0/default.jpg"
CHI_40871,Art Institute of Chicago,Stemless Kylix (Drinking Cup),Vessel,"terracotta, Calenian relief ware",300-200 BCE,Pottery,"https://www.artic.edu/iiif/2/0cf9aa70-d928-f64d-d4ef-bcccdc7caadf/full/600,/0/default.jpg"
CHI_252,Art Institute of Chicago,Hydria (Water Jar),Vessel,"terracotta, red-figure",480-470 BCE,Statuary,"https://www.artic.edu/iiif/2/a140d1bb-f954-52af-c0dc-4e0cbbd184b9/full/600,/0/default.jpg"
CHI_152017,Art Institute of Chicago,Urn,Vessel,"Glass, blown",Mid–1st to 2nd century,Pottery,"https://www.artic.edu/iiif/2/e4842725-0a7e-fe45-9a6d-eee33b1163ab/full/600,/0/default.jpg"
CHI_160172,Art Institute of Chicago,Fish Plate,Vessel,"terracotta, red-figure",350-325 BCE,Statuary,"https://www.artic.edu/iiif/2/b16157cc-3b60-3f16-fed8-bab3a959e237/full/600,/0/default.jpg"
CHI_28503,Art Institute of Chicago,Aryballos (Container for Oil),Vessel,terracotta,625-600 BCE,Pottery,"https://www.artic.edu/iiif/2/68836f1f-5296-1013-bc65-174dfedcaa2b/full/600,/0/default.jpg"
CHI_119084,Art Institute of Chicago,Flask in the Shape of a Date,Vessel,"Glass, mold-blown",1st century,Pottery,"https://www.artic.edu/iiif/2/afd59fbf-68d1-b566-5011-52589eec9061/full/600,/0/default.jpg"
CHI_170,Art Institute of Chicago,Calyx Krater (Mixing Bowl),Vessel,"terracotta, red-figure",about 400-380 BCE,Statuary,"https://www.artic.edu/iiif/2/d915de0e-6a47-3119-4261-710ab0135862/full/600,/0/default.jpg"
CHI_43397,Art Institute of Chicago,Alabastron (Container for Scented Oil),Vessel,"Glass, mosaic glass technique",Early 2nd-1st century BCE,Pottery,"https://www.artic.edu/iiif/2/ac76bb0f-727a-9238-8569-76b3bc7c7aaa/full/600,/0/default.jpg"
CHI_4182,Art Institute of Chicago,Kylix (Drinking Cup),Vessel,"terracotta, black-figure",520-500 BCE,Statuary,"https://www.artic.edu/iiif/2/5abfb8bc-49dc-791b-b9ed-48606677be34/full/600,/0/default.jpg"
CHI_4183,Art Institute of Chicago,Skyphos (Drinking Cup),Vessel,"terracotta, black-figure",About 500-480 BCE,Statuary,"https://www.artic.edu/iiif/2/6e3714da-f799-e399-a6ed-e599050cfc36/full/600,/0/default.jpg"
CHI_87657,Art Institute of Chicago,Chous (Toy Pitcher),Vessel,"Terracotta, red-figure",440-420 BCE,Statuary,"https://www.artic.edu/iiif/2/a3734ef2-0663-4851-c59c-11f04bab1546/full/600,/0/default.jpg"
CHI_87659,Art Institute of Chicago,Chous (Toy Pitcher),Vessel,"Terracotta, red-figure",400-380 BCE,Statuary,"https://www.artic.edu/iiif/2/b5c515f3-0431-e473-36c5-ce0e19d0795d/full/600,/0/default.jpg"
CHI_104488,Art Institute of Chicago,Lebes (Stemmed Bowl with Lid),Vessel,terracotta,725-700 BCE,Pottery,"https://www.artic.edu/iiif/2/c93cd15a-5f10-f65c-3bf3-b88e888c94e9/full/600,/0/default.jpg"
CHI_160174,Art Institute of Chicago,Fish Plate,Vessel,"terracotta, red-figure",350-330 BCE,Statuary,"https://www.artic.edu/iiif/2/5bf7744a-20b7-018c-0306-2e09ca626943/full/600,/0/default.jpg"
CHI_143544,Art Institute of Chicago,Amphoriskos (Container for Oil),Vessel,"Glass, core-formed technique",5th-early 4th century BCE,Pottery,"https://www.artic.edu/iiif/2/5b1c6397-a0a9-2bc8-805e-2a49f4812664/full/600,/0/default.jpg"
CHI_160175,Art Institute of Chicago,Fish Plate,Vessel,"terracotta, red-figure",350-325 BCE,Statuary,"https://www.artic.edu/iiif/2/357cfea7-1696-6d00-6907-990308b800bf/full/600,/0/default.jpg"
CHI_9119,Art Institute of Chicago,Single Spout Vessel with Molded Abstract Figure,Ceramics,Ceramic and pigment,1000–1476,Statuary,"https://www.artic.edu/iiif/2/4738cfd5-9477-6dad-da96-a9e6699864e2/full/600,/0/default.jpg"
CHI_59699,Art Institute of Chicago,Beaker or Cup,Vessel,"Glass, blown technique technique",3rd-4th century,Pottery,"https://www.artic.edu/iiif/2/665328fb-ef7b-ea51-c367-1bb84e99bca1/full/600,/0/default.jpg"
CHI_49056,Art Institute of Chicago,Bottle,Vessel,"Glass, mold-blown",1st century,Pottery,"https://www.artic.edu/iiif/2/fc39ab72-9043-4f67-6589-b03c06717f67/full/600,/0/default.jpg"
CHI_67516,Art Institute of Chicago,Bottle,Vessel,"Glass, blown technique",5th century,Pottery,"https://www.artic.edu/iiif/2/b2aa3908-5b9c-26a0-5534-dd56fa5d727f/full/600,/0/default.jpg"
CHI_105546,Art Institute of Chicago,Squat Lekythos (Oil Jar),Vessel,"terracotta, black-glaze with impressed decoration",430-410 BCE,Pottery,"https://www.artic.edu/iiif/2/fcf77186-e311-b1ea-f397-e6a9448a0640/full/600,/0/default.jpg"
CHI_67524,Art Institute of Chicago,Alabastron (Container for Scented Oil),Vessel,"Glass, core-formed technique",200-150 BCE,Pottery,"https://www.artic.edu/iiif/2/792d22c4-74b2-5267-171c-c090ede6b2e2/full/600,/0/default.jpg"
CHI_67421,Art Institute of Chicago,Jar,Vessel,"Glass, blown technique",3rd-4th century,Pottery,"https://www.artic.edu/iiif/2/e91b8de1-8ce5-c376-e0bf-f093ec42897a/full/600,/0/default.jpg"
CHI_87672,Art Institute of Chicago,Guttus (Pouring Vessel),Vessel,"terracotta, black-glaze with stamping",400-375 BCE,Jewellery,"https://www.artic.edu/iiif/2/461707ef-29f7-3add-fe0d-ab54714f9db7/full/600,/0/default.jpg"
CHI_65202,Art Institute of Chicago,Hydria (Water Jar),Vessel,"terracotta, red-figure",470-460 BCE,Statuary,"https://www.artic.edu/iiif/2/656c4252-f54b-3c7e-ae04-e3e01ca03710/full/600,/0/default.jpg"
CHI_6323,Art Institute of Chicago,Vessel in the Shape of a Bird,Ceramics,Ceramic and pigment,100 BCE–500 CE,Pottery,"https://www.artic.edu/iiif/2/d8a0267f-1923-23a2-d464-f035e4911b27/full/600,/0/default.jpg"
CHI_43347,Art Institute of Chicago,Alabastron (Container for Scented Oil),Vessel,"Glass, core-formed technique",late 6th-early 3rd century BCE,Pottery,"https://www.artic.edu/iiif/2/bfa41636-03c0-6b7f-6f92-8cb0ebf38fa8/full/600,/0/default.jpg"
CHI_96603,Art Institute of Chicago,Beaker or Cup,Vessel,"Glass, blown technique",Probably 1st-early 2nd century,Pottery,"https://www.artic.edu/iiif/2/9434b509-d675-8bd7-47e7-2752bd309f48/full/600,/0/default.jpg"
CHI_9680,Art Institute of Chicago,Stater (Coin) Depicting a Tripod,Coin,Silver,500-480 BCE,Unclassified,"https://www.artic.edu/iiif/2/07aa152c-4113-3d61-cfe7-2da7b00e1fa2/full/600,/0/default.jpg"
CHI_160173,Art Institute of Chicago,Fish Plate,Vessel,"terracotta, red-figure",340-320 BCE,Statuary,"https://www.artic.edu/iiif/2/60bdea98-3acf-c062-ac92-75d1566eec6b/full/600,/0/default.jpg"
CHI_54544,Art Institute of Chicago,Kuttrolf (Bottle with Divided Neck),Vessel,"Glass, blown technique",4th century,Pottery,"https://www.artic.edu/iiif/2/caa5b6ab-5f25-c174-2b47-c9d06a8d9490/full/600,/0/default.jpg"
CHI_128011,Art Institute of Chicago,Cosmetic Saucer Decorated with Swans,Vessel,Stone,"New Kingdom, Dynasty 18–20 (about 1550–1070 BCE)",Pottery,"https://www.artic.edu/iiif/2/2836081d-8952-a6ab-0a4f-147d3648dbd1/full/600,/0/default.jpg"
CHI_49051,Art Institute of Chicago,Alabastron (Container for Scented Oil),Vessel,"Glass, blown technique",1st century,Pottery,"https://www.artic.edu/iiif/2/5b76ac66-9b18-f3ee-afaa-f36a8e624bb6/full/600,/0/default.jpg"
CHI_43373,Art Institute of Chicago,Alabastron (Container for Scented Oil),Vessel,"Glass, core-formed technique",late 6th-early 3rd century BCE,Pottery,"https://www.artic.edu/iiif/2/3bf9f66c-b3c5-57e0-c013-2cf4d46ae5a2/full/600,/0/default.jpg"
CHI_177,Art Institute of Chicago,Stamnos (Mixing Jar),Vessel,"terracotta, red-figure",about 450 BCE,Statuary,"https://www.artic.edu/iiif/2/677cb9ce-8e4c-119a-711e-9b5a98c834d9/full/600,/0/default.jpg"
CHI_132100,Art Institute of Chicago,Amphoriskos (Container for Oil),Vessel,"Glass, mold-blown technique",1st century CE,Pottery,"https://www.artic.edu/iiif/2/c10f0fc7-2fe9-3720-9e30-3524cac7cd24/full/600,/0/default.jpg"
CHI_60878,Art Institute of Chicago,Jar in the Form of Ancient Bronze Vessel,Vessel,Porcelain,"Qing dynasty, Qianlong reign (1736–1795)",Statuary,"https://www.artic.edu/iiif/2/0337f32d-7237-edae-6b40-3bc0e5598cb9/full/600,/0/default.jpg"
CHI_87658,Art Institute of Chicago,Chous (Toy Pitcher),Vessel,"Terracotta, red-figure",430-410 BCE,Statuary,"https://www.artic.edu/iiif/2/220c6aaf-164b-999a-125f-b9eb5d97e8ac/full/600,/0/default.jpg"
CHI_105545,Art Institute of Chicago,Rhyton (Drinking Vessel) in Shape of Sheep's Head,Vessel,"terracotta, red-figure",320-310 BCE,Statuary,"https://www.artic.edu/iiif/2/33b10cd3-a55a-1a8b-fab0-460e3c87c470/full/600,/0/default.jpg"
CHI_102082,Art Institute of Chicago,Hydria (Water Jar),Vessel,"terracotta, red-figure",360-350 BCE,Statuary,"https://www.artic.edu/iiif/2/54c8ea35-d929-9c9c-a0c0-f77895f9020c/full/600,/0/default.jpg"
CHI_65290,Art Institute of Chicago,Vessel with Dancing Maize Gods,Ceramics,Earthenware and pigment,780–810,Pottery,"https://www.artic.edu/iiif/2/922a7bf2-b793-53e1-6cab-b395726ff1b8/full/600,/0/default.jpg"
CHI_62014,Art Institute of Chicago,Bottle,Vessel,"Glass, blown technique",1st century,Pottery,"https://www.artic.edu/iiif/2/b83f3486-fe52-f04f-29b2-6d6e72cd8cfb/full/600,/0/default.jpg"
CHI_43350,Art Institute of Chicago,Aryballos (Container for Oil),Vessel,"Glass, core-formed technique",late 6th-5th century BCE,Pottery,"https://www.artic.edu/iiif/2/00fc630d-f5ec-dfac-6e91-1ee6d1b5fb98/full/600,/0/default.jpg"
CHI_136427,Art Institute of Chicago,Alabastron (Container for Scented Oil),Vessel,Alabaster,7th century BCE/1st century CE,Pottery,"https://www.artic.edu/iiif/2/dc8e18d5-6f02-ecda-5ad9-fae781416e63/full/600,/0/default.jpg"
CHI_134,Art Institute of Chicago,Lacquer Tea Bowl 乾隆禦制雕漆盞,Vessel,Cinnabar and black lacquer with carved decoration,"Qing dynasty (1644–1911), Qianlong reign mark and period (1736–1795)",Pottery,"https://www.artic.edu/iiif/2/a6b21bf6-aa51-1b2f-6e2e-be09e3e126ba/full/600,/0/default.jpg"
CHI_91620,Art Institute of Chicago,Portrait Vessel,Ceramics,Earthenware and mineral slips,600–700,Pottery,"https://www.artic.edu/iiif/2/239e0072-de08-cb26-1484-4776fc27b0fb/full/600,/0/default.jpg"
CHI_119254,Art Institute of Chicago,Bottle,Vessel,"Glass, mold-blown",1st century,Pottery,"https://www.artic.edu/iiif/2/89cb8e73-466a-3b58-890e-3d568293fd87/full/600,/0/default.jpg"
CHI_87669,Art Institute of Chicago,Lekythos (Oil Jar),Funerary Object,"terracotta, white-ground",about 440 BCE,Pottery,"https://www.artic.edu/iiif/2/4d1a8e53-c9a9-2221-fb38-eb20f9d7b6b0/full/600,/0/default.jpg"
CHI_65555,Art Institute of Chicago,Bottle,Vessel,"Glass, blown technique",late 5th-late 6th century,Pottery,"https://www.artic.edu/iiif/2/cfbe358a-4939-036b-13b3-27de8f83d927/full/600,/0/default.jpg"
CHI_8862,Art Institute of Chicago,Stirrup Spout Vessel with Fineline Enthroned Warrior Motif,Ceramics,Ceramic and pigment,100 BCE–500 CE,Pottery,"https://www.artic.edu/iiif/2/cb340983-cdae-7b8a-0927-2a0aad13318d/full/600,/0/default.jpg"
CHI_40902,Art Institute of Chicago,Bowl,Vessel,terracotta,"Late Bronze Age, about 1450-1200 BCE",Pottery,"https://www.artic.edu/iiif/2/1a7bbc2b-84b7-ea89-22e7-d81d93c83501/full/600,/0/default.jpg"
CHI_111044,Art Institute of Chicago,Lekythos (Oil Jar),Funerary Object,"terracotta, white-ground",445-440 BCE,Pottery,"https://www.artic.edu/iiif/2/880d3903-36bb-a12a-fee5-f7e6bd451a35/full/600,/0/default.jpg"
CHI_102078,Art Institute of Chicago,Volute Krater (Mixing Bowl),Funerary Object,"terracotta, red-figure",About 340 BCE,Statuary,"https://www.artic.edu/iiif/2/d6f407e9-1495-38d5-f6c3-e47a233cfa51/full/600,/0/default.jpg"
CHI_67508,Art Institute of Chicago,Amphoriskos (Container for Oil),Vessel,"Glass, mold-blown",1st century,Pottery,"https://www.artic.edu/iiif/2/2229c9b6-9bcc-8b8e-0b7e-ad154e95c644/full/600,/0/default.jpg"
CHI_62066,Art Institute of Chicago,Jug,Vessel,"Glass, blown technique",4th century,Pottery,"https://www.artic.edu/iiif/2/2eb24968-5df5-4288-6490-bbf20c4a7505/full/600,/0/default.jpg"
CHI_3479,Art Institute of Chicago,Column Krater (Mixing Bowl),Vessel,"terracotta, red-figure",460-450 BCE,Statuary,"https://www.artic.edu/iiif/2/d2dcc8b3-e949-e0a1-4780-8bfc3c35b2b0/full/600,/0/default.jpg"
CHI_87666,Art Institute of Chicago,Lekythos (Oil Jar),Funerary Object,"terracotta, white-ground",410-400 BCE,Pottery,"https://www.artic.edu/iiif/2/187f6a09-e335-ce60-1347-30f17f685aed/full/600,/0/default.jpg"
CHI_72127,Art Institute of Chicago,Stamnos (Mixing Jar),Vessel,"terracotta, red-figure",480-470 BCE,Statuary,"https://www.artic.edu/iiif/2/f3da03ff-0757-dc0c-bf3b-1753ab29f701/full/600,/0/default.jpg"
CHI_40894,Art Institute of Chicago,Oinochoe (Pitcher) in the Shape of a Female Head,Vessel,"terracotta, red-figure",about 450 BCE,Statuary,"https://www.artic.edu/iiif/2/b517b6fb-cc6b-4d4e-e5e6-195770f27568/full/600,/0/default.jpg"
CHI_62022,Art Institute of Chicago,Aryballos (Container for Oil) with Chain,Vessel,"Glass, blown technique, and bronze",late 1st-2nd century,Statuary,"https://www.artic.edu/iiif/2/43bca51f-d87c-5b08-7f2f-394a74abe5c8/full/600,/0/default.jpg"
CHI_119253,Art Institute of Chicago,Bottle,Vessel,"Glass, mold-blown technique",1st century,Pottery,"https://www.artic.edu/iiif/2/6e345fa8-f2c7-e0a7-fbbf-5b17c26e6637/full/600,/0/default.jpg"
CHI_87654,Art Institute of Chicago,Oinochoe (Pitcher),Vessel,"terracotta, red-figure",about 440 BCE,Statuary,"https://www.artic.edu/iiif/2/4311752a-0f4e-6e6e-af84-ae56f4ba4a3b/full/600,/0/default.jpg"
CHI_61921,Art Institute of Chicago,Bowl or Cup,Vessel,"Glass, blown technique",Late 1st-early 2nd century CE,Pottery,"https://www.artic.edu/iiif/2/34bd3520-b3c6-d8a2-2e58-1de79e55c8bf/full/600,/0/default.jpg"
CHI_109458,Art Institute of Chicago,Fragment of a Column Krater (Mixing Bowl),Vessel,"terracotta, black-figure",580-570 BCE,Statuary,"https://www.artic.edu/iiif/2/bd1cfd02-fe26-6ec7-83a9-03e1264c28c7/full/600,/0/default.jpg"
CHI_54512,Art Institute of Chicago,Double-Handled Flask,Vessel,"Glass, blown technique",4th-5th century,Pottery,"https://www.artic.edu/iiif/2/aa54ac32-7a6a-acb1-ec2c-2795991e9851/full/600,/0/default.jpg"
CHI_40905,Art Institute of Chicago,Bowl,Vessel,terracotta,"Late Bronze Age, 1450-1200 BCE",Pottery,"https://www.artic.edu/iiif/2/fd6cf52c-5eac-163d-a3fe-d1d22eb9f13c/full/600,/0/default.jpg"
CHI_120267,Art Institute of Chicago,Jar with Painted Decoration,Vessel,Ceramic and pigment,"Predynastic Period, Naqada II (about 3500–3200 BCE)",Pottery,"https://www.artic.edu/iiif/2/ea20099f-1e4d-afa3-2091-abf1ebf0881e/full/600,/0/default.jpg"
CHI_65676,Art Institute of Chicago,Bottle,Vessel,"Glass, blown technique",3rd-4th century,Pottery,"https://www.artic.edu/iiif/2/de863f1c-2605-c5db-6506-5fe13f33e5df/full/600,/0/default.jpg"
CHI_49057,Art Institute of Chicago,Bottle,Vessel,"Glass, mold-blown",1st century,Pottery,"https://www.artic.edu/iiif/2/9cad4744-da7e-fecc-599a-ec7fb1cde4a9/full/600,/0/default.jpg"
CHI_6980,Art Institute of Chicago,Vessel of a Harvester,Ceramics,Ceramic and pigment,350–500 CE,Pottery,"https://www.artic.edu/iiif/2/813a4f35-0442-01fa-bcd6-595ded1729b7/full/600,/0/default.jpg"
CHI_119257,Art Institute of Chicago,Inkwell,Vessel,"Glass, blown technique",1st century,Pottery,"https://www.artic.edu/iiif/2/1e90ddb9-610e-2ece-ee68-7c9d247f5c66/full/600,/0/default.jpg"
CHI_67446,Art Institute of Chicago,Bottle,Vessel,"Glass, blown technique",Late 1st century BCE-early 1st century CE,Pottery,"https://www.artic.edu/iiif/2/bc3320af-a0d9-f587-edeb-d71a39160d12/full/600,/0/default.jpg"
CHI_143726,Art Institute of Chicago,Kohl Container,Vessel,"Glass, blown technique",5th-6th century,Pottery,"https://www.artic.edu/iiif/2/cd855b74-f380-6258-f7fe-a32fdd4eba6c/full/600,/0/default.jpg"
CHI_8016,Art Institute of Chicago,Portrait Vessel of a Ruler,Ceramics,Ceramic and pigment,100 BCE–500 CE,Pottery,"https://www.artic.edu/iiif/2/33d5d099-fb5d-69b0-3f14-7279c83a44b0/full/600,/0/default.jpg"
CHI_91377,Art Institute of Chicago,Vessel with Marine Beings,Ceramics,Ceramic and pigment,50–500 CE,Pottery,"https://www.artic.edu/iiif/2/dd469819-74ce-f5d5-451c-664e6e3457bb/full/600,/0/default.jpg"
CHI_121774,Art Institute of Chicago,Lintel Fragment Depicting Iniuia and Iuy Worshipping Deities,Architectural fragment,Limestone and pigment,"New Kingdom, Dynasty 18, reign of Tutankhamun (about 1336–1327 BCE)",Unclassified,"https://www.artic.edu/iiif/2/c9721f90-ca5e-ed32-2d1b-8788ff047dda/full/600,/0/default.jpg"
CHI_110324,Art Institute of Chicago,Ancient Sarcophagus Relief with the Labors of Hercules,Drawing and Watercolor,"Pen and brown ink with brush and brown wash, and traces of black chalk, on buff laid paper, pieced at center",n.d.,Statuary,"https://www.artic.edu/iiif/2/b837ae7a-2cec-1c0e-cb93-fd9c6cf159b6/full/600,/0/default.jpg"
CHI_127867,Art Institute of Chicago,Relief Depicting a God,Architectural fragment,Limestone,Ptolemaic Period (332–30 BCE),Reliefs,"https://www.artic.edu/iiif/2/78a05d71-7f99-d31e-c822-33a92954c35d/full/600,/0/default.jpg"
CHI_110325,Art Institute of Chicago,Ancient Sarcophagus Relief with the Labors of Hercules,Drawing and Watercolor,"Pen and brown ink with brush and brown wash, and traces of black chalk, on buff laid paper, pieced at center",n.d.,Statuary,"https://www.artic.edu/iiif/2/8445e61b-9d2d-8a04-c112-b10d907794c6/full/600,/0/default.jpg"
CHI_44741,Art Institute of Chicago,The Annunciation,Sculpture,Bronze,c. 1583,Statuary,"https://www.artic.edu/iiif/2/6e6d0abe-9881-627d-86af-98b183500b77/full/600,/0/default.jpg"
CHI_121768,Art Institute of Chicago,Plaque Depicting a Ram,Architectural fragment,Limestone,Ptolemaic Period (332–30 BCE),Reliefs,"https://www.artic.edu/iiif/2/4b2a4e8f-3160-0e00-06a0-d0014a94254f/full/600,/0/default.jpg"
CHI_120368,Art Institute of Chicago,Tomb Wall Fragment Depicting Offering Bearers and Butchers,Architectural fragment,Limestone,"Old Kingdom, mid–Dynasty 5–early Dynasty 6 (about 2445–2287 BCE)",Jewellery,"https://www.artic.edu/iiif/2/774540b2-88a0-daa9-0e3c-c229c1d98ac6/full/600,/0/default.jpg"
CHI_120365,Art Institute of Chicago,Relief Fragment Depicting Merettetiiyet with Offerings,Architectural fragment,Limestone and pigment,"First Intermediate Period, Dynasty 10, about 2050 BCE",Jewellery,"https://www.artic.edu/iiif/2/f8549781-eb13-52d3-07f0-92671e149c93/full/600,/0/default.jpg"
CHI_86961,Art Institute of Chicago,God Shiva Seated in Loving Embrace with Goddess Uma on the Bull Nandi,Sculpture,Sandstone,9th century,Statuary,"https://www.artic.edu/iiif/2/bf4873e2-88da-d396-cc90-75c2bc5f7191/full/600,/0/default.jpg"
CHI_145839,Art Institute of Chicago,Relief of a Walking Lion,Sculpture,Bronze,1850–1900,Statuary,"https://www.artic.edu/iiif/2/41f259ed-5e53-a55a-2f09-fdedb66f2bf2/full/600,/0/default.jpg"
CHI_3603,Art Institute of Chicago,"Jar with Relief of Standing Figure with Crescent Headdress, Holding Ritual Objects",Ceramics,Ceramic,1200–1450,Statuary,"https://www.artic.edu/iiif/2/942186a8-5868-f011-fe47-315f05dfab23/full/600,/0/default.jpg"
CHI_78161,Art Institute of Chicago,Trial Piece with Hieroglyphs,Architectural fragment,Granite,"Early Ptolemaic Period, about 300 BCE",Unclassified,"https://www.artic.edu/iiif/2/13438eb9-d7b2-03fb-ea48-c17d04b938a7/full/600,/0/default.jpg"
CHI_109509,Art Institute of Chicago,Relief Plaque,Architectural fragment,terracotta,Early 1st century,Pottery,"https://www.artic.edu/iiif/2/cda72121-a54a-bfdd-5201-5f67a64661bb/full/600,/0/default.jpg"
CHI_25332,Art Institute of Chicago,Triptych with Scenes from the Life of Christ,Sculpture,Ivory with traces of gold,1350–75,Statuary,"https://www.artic.edu/iiif/2/c5409bc2-35dc-342a-e506-41259963bce0/full/600,/0/default.jpg"
CHI_16143,Art Institute of Chicago,The Nativity,Sculpture,Stucco and polychrome,c. 1465,Statuary,"https://www.artic.edu/iiif/2/13cb7dc7-9fca-850e-2cca-8be75f7251aa/full/600,/0/default.jpg"
CHI_84073,Art Institute of Chicago,The Massacre of the Innocents,Sculpture,Bronze,1700/25,Statuary,"https://www.artic.edu/iiif/2/780f5e19-313e-299f-cf14-d53cc5b15b6e/full/600,/0/default.jpg"
CHI_112712,Art Institute of Chicago,Ancient Relief with Hercules and the Mares of Diomedes (recto); Two Sketches: Draped Satyr and Winged Female Figure (verso),Drawing and Watercolor,"Pen and brown ink, with traces of red chalk (recto), and pen and brown ink (verso), on tan laid paper",1521/56,Statuary,"https://www.artic.edu/iiif/2/1fc05a95-a2d8-f5b3-673f-2fb1e3b81ceb/full/600,/0/default.jpg"
CHI_105054,Art Institute of Chicago,Two Plaques with Interlaced Chimeras,Sculpture,Gilt copper alloy,1200/50,Statuary,"https://www.artic.edu/iiif/2/67372fda-8f71-b753-fc9a-ee5d3d610893/full/600,/0/default.jpg"
CHI_3215,Art Institute of Chicago,Bas Relief with Triumph of Bacchus and Ariadne,Drawing and Watercolor,Graphite on  ivory laid paper,n.d.,Reliefs,"https://www.artic.edu/iiif/2/ea9d7968-d54b-9cb5-746e-ad77dbd1f96e/full/600,/0/default.jpg"
CHI_40680,Art Institute of Chicago,Plaque with Virgin and Child,Sculpture,"Gilt bronze set against a field lapis lazuli, agate, and Sicilian jasper",1580–1600,Statuary,"https://www.artic.edu/iiif/2/375cdd63-ac52-5263-34fa-a90489ddacf8/full/600,/0/default.jpg"
CHI_64936,Art Institute of Chicago,Relief Showing the Head of a Winged Genius,Sculpture,Gypsum relief with traces of pigment,"Neo–Assyrian Period, reign of King Ashurnasirpal II (883–859 BCE)",Statuary,"https://www.artic.edu/iiif/2/c78e7b95-0652-a2dd-05f6-f9b1d68ff24d/full/600,/0/default.jpg"
CHI_63536,Art Institute of Chicago,The Birth of Saint John the Baptist,Sculpture,"Wood, polychromy, and gilding",c. 1525,Statuary,"https://www.artic.edu/iiif/2/4b429be0-552c-e37b-0a0f-b13fb7a86514/full/600,/0/default.jpg"
CHI_25221,Art Institute of Chicago,Deposition,Sculpture,Marble,c. 1800-1805,Statuary,"https://www.artic.edu/iiif/2/d36e3329-e722-50c2-23f1-bede58241c11/full/600,/0/default.jpg"
